Workbook

Sheet Casos de Prueba
A1: FORMATO DE DISEÑO Y EJECUCIÓN DE PRUEBAS
A2: HISTORIA DE USUARIO | B2: ID CASO DE PRUEBA | C2: TITULO CASO DE PRUEBA | D2: PRECONDICIONES | E2: PASO A PASO | F2: RESULTADO ESPERADO | G2: EJECUCIÓN CICLO DE PRUEBAS 1 | K2: EJECUCIÓN CICLO DE PRUEBAS 2 | O2: EJECUCIÓN CICLO DE PRUEBAS 3
G3: ESTADO | H3: ANALISTA | I3: FECHA | J3: OBSERVACIONES | K3: ESTADO | L3: QA | M3: FECHA | N3: OBSERVACIONES | O3: ESTADO | P3: QA | Q3: FECHA | R3: OBSERVACIONES
A4: Registro de Proveedores Servicio: POST /proveedores/registro-completo | B4: 01 | C4: Verificar que el registro completo de un proveedor nuevo con todos los datos obligatorios (empresa, contactos, representante, información bancaria) se guarda exitosamente. | D4: 1. Contar con acceso al portal de autogestión del proveedor. 2. No existe un proveedor previo asociado al idUsuarioAsignado de prueba. | E4: 1. Ingresar al formulario de registro (supplier_form.html). 2. Diligenciar los datos de la empresa, un contacto, un representante legal y la información bancaria. 3. Enviar el formulario (POST /proveedores/registro-completo). | F4: El servicio responde { "data": true }. Se crea un registro en la tabla proveedor con id_estado_proveedor = 4 y se insertan sus tablas relacionadas (ubicacion, forma_de_pago, contacto, representante_legal). | G4: PASÓ | H4: Juan Cadena | I4: 46257
B5: 02 | C5: Verificar que al reenviar el formulario para un proveedor ya existente (mismo idUsuarioAsignado), el servicio actualiza el registro en lugar de duplicarlo. | D5: Ya existe un proveedor creado con el idUsuarioAsignado de prueba. | E5: 1. Editar el registro existente en supplier_form.html cambiando el teléfono principal. 2. Reenviar el formulario (POST /proveedores/registro-completo). 3. Consultar GET /proveedores/{id}. | F5: Sigue existiendo un único registro en la tabla proveedor para ese usuario, con el teléfono principal actualizado. | G5: PASÓ | H5: Juan Cadena | I5: 46257
B6: 03 | C6: Verificar que si no se envía el campo empresa.idTipoPersona, el sistema asigna por defecto el valor 1 (Natural). | D6: Formulario de registro configurado para omitir el campo tipo de persona. | E6: 1. Enviar un POST /proveedores/registro-completo sin el campo empresa.idTipoPersona. 2. Consultar el proveedor creado (GET /proveedores/{id}). | F6: El campo id_tipo_persona del proveedor queda registrado como 1. | G6: PASÓ | H6: Juan Cadena | I6: 46257
B7: 04 | C7: Verificar que al reenviar el registro con una lista de contactos distinta a la anterior, los contactos previos del proveedor se reemplazan por completo y no quedan duplicados. | D7: El proveedor ya tiene al menos un contacto registrado. | E7: 1. Reenviar el registro completo con un contacto nuevo (nombre distinto al original). 2. Consultar GET /proveedores/{id}/detalle-completo. | F7: La lista de contactos del proveedor contiene únicamente el contacto enviado en la última petición. | G7: PASÓ | H7: Juan Cadena | I7: 46257
A8: Validación Final y Cambio de Estado del Proveedor Servicios: POST/GET /validacion-final, PATCH /proveedores/{id}/estado | B8: 05 | C8: Verificar que al registrar una validación final con estadoValidacion "11" (revisado sin novedad), el registro se guarda en la tabla validacion_final. | D8: Existe un proveedor en revisión y al menos una validación atómica registrada para él. | E8: 1. Ingresar como Analista de Riesgo a risk_review.html. 2. Diligenciar el comentario final y seleccionar la decisión "Sin novedad". 3. Guardar (POST /validacion-final). | F8: Se crea un registro en validacion_final con estado_validacion = "11" y las validaciones atómicas seleccionadas quedan enlazadas mediante id_validacion_final. | G8: PASÓ | H8: Juan Cadena | I8: 46257
B9: 06 | C9: Verificar que después del PATCH /proveedores/{id}/estado con idEstadoProveedor = 11, se registra automáticamente la fecha_aprobacion del proveedor. | D9: Se completó el caso de prueba 05. | E9: 1. Confirmar el guardado de la revisión de riesgo (dispara el PATCH automático de estado). 2. Consultar GET /proveedores/{id}. | F9: El campo fecha_aprobacion del proveedor queda registrado con la fecha y hora actuales. | G9: PASÓ | H9: Juan Cadena | I9: 46257
B10: 07 | C10: Verificar que si el campo estadoValidacion enviado no es numérico ni el texto "REVISADO_CON_NOVEDAD", el sistema asigna por defecto el estado 11 al proveedor. | D10: Ninguna. | E10: 1. Enviar un POST /validacion-final con estadoValidacion = "APROBADO_TEXTO_LIBRE". 2. Consultar el estado resultante del proveedor (GET /proveedores/{id}). | F10: El proveedor queda con id_estado_proveedor = 11. | G10: PASÓ | H10: Juan Cadena | I10: 46257
B11: 08 | C11: Verificar que el estado mostrado en la pantalla del perfil del proveedor corresponde a una descripción válida del catálogo estado_proveedor para los IDs que la lógica de negocio asigna automáticamente (4, 5, 6, 10 y 11). | D11: Instalación con la base de datos inicializada únicamente con create_tables.sql e insert_data.sql. | E11: 1. Registrar un proveedor nuevo (queda con id_estado_proveedor = 4). 2. Abrir buyer_supplier_profile.html para ese proveedor. 3. Consultar GET /estado_proveedor/4. | F11: La pantalla muestra la etiqueta de estado correspondiente al ID 4 (por ejemplo "PENDIENTE"). | G11: FALLÓ | H11: Juan Cadena | I11: 46257 | J11: La tabla estado_proveedor solo tiene sembrados los IDs 1-3 (ACTIVO, INACTIVO, SUSPENDIDO) en insert_data.sql; el ID 4 no existe, por lo que GET /estado_proveedor/4 responde data: null y la pantalla muestra el estado en blanco. Ver defecto DEF-01.
A12: Firma Digital del Formulario de Vinculación Servicios: POST /firmas/solicitar, GET /firmas/validar, POST /firmas/firmar | B12: 09 | C12: Verificar que al solicitar una firma para un proveedor válido, se genera un token UUID con expiración de 24 horas y el link de firma correspondiente. | D12: Existe un proveedor válido en el sistema. | E12: 1. Ejecutar POST /firmas/solicitar?idProveedor={id}. 2. Verificar la respuesta del servicio. | F12: La respuesta contiene token (UUID), fechaExpiracion (24 horas después de la solicitud) y linkFirma con el token embebido. | G12: PASÓ | H12: Juan Cadena | I12: 46257
B13: 10 | C13: Verificar que al solicitar una nueva firma para un proveedor que ya tenía un token vigente, el token anterior queda invalidado. | D13: El proveedor ya tiene un token de firma generado y no utilizado. | E13: 1. Solicitar una nueva firma para el mismo proveedor (POST /firmas/solicitar). 2. Intentar validar el token anterior (GET /firmas/validar?token=...). | F13: El token anterior responde utilizado = true. | G13: PASÓ | H13: Juan Cadena | I13: 46257
B14: 11 | C14: Verificar que al intentar validar un token ya utilizado, el servicio responde con el mensaje de error "El enlace de firma ya ha sido utilizado". | D14: Existe un token con utilizado = true. | E14: 1. Abrir sign_form.html con un token ya usado. 2. Observar la respuesta de GET /firmas/validar. | F14: El servicio responde HTTP 500 con message = "El enlace de firma ya ha sido utilizado" y la pantalla muestra el mensaje de enlace inválido. | G14: PASÓ | H14: Juan Cadena | I14: 46257
B15: 12 | C15: Verificar que al firmar exitosamente el formulario, el estado del proveedor cambia automáticamente al ID 5 (Firmado) y se registran la IP y fecha de firma. | D15: Token de firma vigente y no utilizado. | E15: 1. Completar la aceptación digital en sign_form.html (POST /firmas/firmar). 2. Consultar GET /proveedores/{id} y la tabla firma_token. | F15: firma_token.utilizado = true, fecha_firmado e ip_firma quedan registrados, y proveedor.id_estado_proveedor = 5. | G15: PASÓ | H15: Juan Cadena | I15: 46257

Sheet Defectos
A1: FORMATO DE REPORTE DE DEFECTOS
A2: ID DEFECTO | B2: ESTADO | C2: ASIGNADO A | D2: DESCRIPCIÓN | E2: PASOS PARA REPRODUCIR | F2: APLICACIÓN/SERVICIO | G2: AMBIENTE | H2: IMPACTO | I2: NATURALEZA | J2: ANALISTA | K2: FECHA REPORTE | L2: ID CASO DE PRUEBA
A3: DEF-01 | B3: REPORTADO | C3: Equipo Backend | D3: El catálogo estado_proveedor no contiene registros para los IDs 4, 5, 6, 10 y 11 que la lógica de negocio asigna automáticamente (registro por defecto, firma digital, aprobación y revisión de riesgos/cumplimiento). Como consecuencia, las pantallas que consultan el estado por ID (perfil del proveedor, listas de proveedores) muestran el estado en blanco o inconsistente. | E3: 1. Ejecutar únicamente Frontend/db/create_tables.sql e insert_data.sql en una base de datos limpia. 2. Registrar un proveedor nuevo mediante POST /proveedores/registro-completo (queda con id_estado_proveedor = 4). 3. Consultar GET /estado_proveedor/4. 4. Observar que la respuesta no trae datos. | F3: Backend - EstadoProveedorController / Frontend/db/insert_data.sql | G3: DESARROLLO | H3: ALTO | I3: FUNCIONAL | J3: Juan Cadena | K3: 46257 | L3: 08

Sheet Indicadores
A1: RESUMEN DE EJECUCIÓN
A2: CICLOS DE PRUEBAS | B2: CICLO 1 | C2: CICLO 2 | D2: CICLO 3
A3: CASOS DE PRUEBA | B3: =COUNTA('Casos de Prueba'!$B$4:$B$60) -> 12 | C3: =COUNTA('Casos de Prueba'!$B$4:$B$60) -> 12 | D3: =COUNTA('Casos de Prueba'!$B$4:$B$60) -> 12
A4: CASOS DE PRUEBAS SATISFACTORIOS | B4: =COUNTIF('Casos de Prueba'!G4:G60,"PASÓ") -> 11 | C4: =COUNTIF('Casos de Prueba'!K4:K60,"PASÓ")+B4 -> 11 | D4: =COUNTIF('Casos de Prueba'!O4:O60,"PASÓ")+C4 -> 11
A5: CASOS DE PRUEBAS FALLIDOS | B5: =COUNTIF('Casos de Prueba'!G4:G60,"FALLÓ") -> 1 | C5: =COUNTIF('Casos de Prueba'!K4:K60,"FALLÓ") -> 0 | D5: =COUNTIF('Casos de Prueba'!O4:O60,"FALLÓ") -> 0
A6: CASOS DE PRUEBAS NO APLICAN | B6: =COUNTIF('Casos de Prueba'!G4:G60,"NO APLICA") -> 0 | C6: =COUNTIF('Casos de Prueba'!K4:K60,"NO APLICA")+B6 -> 0 | D6: =COUNTIF('Casos de Prueba'!O4:O60,"NO APLICA")+C6 -> 0
A7: CASOS DE PRUEBA PENDIENTES | B7: =B3-(B4+B5+B6) -> 0 | C7: =C3-(C4+C5+C6) -> 1 | D7: =D3-(D4+D5+D6) -> 1
A8: AVANCE DE EJECUCIÓN | B8: =(B4+B5+B6)*1/(B3) -> 1 | C8: =(C4+C5+C6)*1/(C3) -> 0.91666667 | D8: =(D4+D5+D6)*1/(D3) -> 0.91666667
A9: AVANCE DE EJECUCIÓN SATISFACTORIO | B9: =(B4)*1/(B3-B6) -> 0.91666667 | C9: =(C4)*1/(C3-C6) -> 0.91666667 | D9: =(D4)*1/(D3-D6) -> 0.91666667

Sheet cp-08-evidencias

Sheet Datos
A1: ESTADO CASOS | B1: ESTADO DEFECTOS | C1: AMBIENTE | D1: IMPACTO | E1: NATURALEZA
A2: PASÓ | B2: REPORTADO | C2: DESARROLLO | D2: CRITICO | E2: DOCUMENTACIÓN
A3: FALLÓ | B3: EN REVISIÓN DESARROLLO | C3: PRUEBAS | D3: ALTO | E3: FUNCIONAL
A4: NO APLICA | B4: SOLUCIONADO | C4: PRODUCCIÓN | D4: MEDIO | E4: TEXTO
A5: BLOQUEADO | B5: VERIFICADO | D5: BAJO | E5: INTERFAZ USUARIO
B6: REABIERTO
B7: CANCELADO
